{
  "bg": 129, 
  "temp": "absolute", 
  "snoozeBG": 126, 
  "recieved": true, 
  "predBGs": {
    "IOB": [
      129, 
      127, 
      126, 
      124, 
      123, 
      121, 
      120, 
      121, 
      123, 
      124, 
      125, 
      127, 
      128, 
      130, 
      131, 
      132, 
      134, 
      135, 
      136, 
      137, 
      138, 
      139, 
      140, 
      141, 
      142, 
      142, 
      143, 
      143, 
      144, 
      144, 
      144, 
      145, 
      145, 
      145, 
      146, 
      146, 
      146, 
      147, 
      147, 
      148, 
      148, 
      149, 
      150, 
      150, 
      151, 
      152, 
      152, 
      153, 
      154
    ]
  }, 
  "rate": 0.65, 
  "reason": "COB: 0, Dev: -7, BGI: -0.62, ISF: 89, Target: 127; Eventual BG 126 < 127, 23m@-0.700 = -0.268 < req -0.02249718785151856-0.21", 
  "COB": 0, 
  "eventualBG": 126, 
  "timestamp": "2016-08-31T01:06:46.938222", 
  "duration": 30, 
  "tick": -1, 
  "IOB": -0.05
}