{
  "bg": 86, 
  "temp": "absolute", 
  "snoozeBG": 119, 
  "recieved": true, 
  "predBGs": {
    "IOB": [
      86, 
      86, 
      86, 
      86, 
      87, 
      88, 
      89, 
      90, 
      92, 
      93, 
      95, 
      97, 
      100, 
      102, 
      105, 
      107, 
      110, 
      112, 
      115, 
      117, 
      120, 
      122, 
      124, 
      127, 
      129, 
      131, 
      133, 
      135, 
      136, 
      138, 
      139, 
      141, 
      142, 
      143, 
      145, 
      146, 
      147, 
      148, 
      149, 
      150, 
      150, 
      151, 
      152, 
      152, 
      153, 
      153, 
      154, 
      154, 
      155
    ]
  }, 
  "rate": 0.675, 
  "reason": "COB: 0, Dev: -13, BGI: 1.8, ISF: 80, Target: 120; Eventual BG 119 < 120, 21m@-0.750 = -0.263 < req -0.025-0.22499999999999998", 
  "COB": 0, 
  "eventualBG": 119, 
  "timestamp": "2016-09-02T08:06:48.508531", 
  "duration": 30, 
  "tick": "+2", 
  "IOB": -0.569
}