{
  "bg": 142, 
  "temp": "absolute", 
  "snoozeBG": 235, 
  "recieved": true, 
  "predBGs": {
    "IOB": [
      142, 
      150, 
      158, 
      165, 
      172, 
      179, 
      185, 
      192, 
      197, 
      203, 
      208, 
      212, 
      217, 
      221, 
      225, 
      229, 
      232, 
      236, 
      240, 
      243, 
      247, 
      250, 
      253, 
      255, 
      258, 
      260, 
      262, 
      264, 
      266, 
      268, 
      270, 
      271, 
      272, 
      274, 
      275, 
      276, 
      277, 
      278, 
      278, 
      279, 
      279, 
      279, 
      280, 
      280, 
      280, 
      280, 
      281
    ]
  }, 
  "rate": 2.85, 
  "reason": "COB: 0, Dev: 26, BGI: 3.97, ISF: 85, Target: 139; Eventual BG 235 >= 139, adj. req. rate: 3.05 to maxSafeBasal: 2.8499999999999996, temp 0.8<2.85U/hr", 
  "COB": 0, 
  "eventualBG": 235, 
  "timestamp": "2016-08-27T12:01:21.306191", 
  "duration": 30, 
  "tick": "+19", 
  "IOB": -0.962
}