{
  "bg": 146, 
  "temp": "absolute", 
  "snoozeBG": 136, 
  "recieved": true, 
  "predBGs": {
    "IOB": [
      146, 
      145, 
      144, 
      143, 
      142, 
      141, 
      140, 
      139, 
      139, 
      139, 
      139, 
      139, 
      139, 
      139, 
      139, 
      139, 
      140, 
      140, 
      140, 
      140, 
      140, 
      141, 
      141, 
      142, 
      143, 
      144, 
      145, 
      146, 
      148, 
      149, 
      151, 
      152, 
      154, 
      155, 
      156, 
      157, 
      159, 
      160, 
      161, 
      162, 
      163, 
      164, 
      165, 
      165, 
      166, 
      167, 
      167, 
      168, 
      168, 
      169, 
      169, 
      170
    ]
  }, 
  "rate": 0.4, 
  "reason": "COB: 0, Dev: -10, BGI: 0.21, ISF: 85, Target: 139; Eventual BG 136 < 139, 30m@-0.550 = -0.275 < req -0.0702576112412178-0.165", 
  "COB": 0, 
  "eventualBG": 136, 
  "timestamp": "2016-08-29T04:15:09.426065", 
  "duration": 30, 
  "tick": -1, 
  "IOB": 0
}