{
  "bg": 127, 
  "temp": "absolute", 
  "snoozeBG": 135, 
  "recieved": true, 
  "predBGs": {
    "IOB": [
      127, 
      126, 
      125, 
      124, 
      124, 
      124, 
      124, 
      125, 
      126, 
      127, 
      128, 
      130, 
      132, 
      134, 
      136, 
      138, 
      140, 
      142, 
      144, 
      147, 
      149, 
      151, 
      153, 
      156, 
      158, 
      160, 
      162, 
      164, 
      166, 
      168, 
      170, 
      171, 
      173, 
      174, 
      176, 
      177, 
      179, 
      180, 
      181, 
      182, 
      183, 
      185, 
      186, 
      186, 
      187, 
      188, 
      189, 
      190, 
      190, 
      191, 
      191, 
      191, 
      191, 
      192
    ]
  }, 
  "rate": 0.575, 
  "reason": "COB: 0, Dev: -18, BGI: 1.79, ISF: 85, Target: 139; Eventual BG 135 < 139, 26m@-0.800 = -0.347 < req -0.09367681498829039-0.24", 
  "COB": 0, 
  "eventualBG": 135, 
  "timestamp": "2016-08-29T10:14:52.434372", 
  "duration": 30, 
  "tick": "+0", 
  "IOB": -0.374
}