{
  "bg": 105, 
  "temp": "absolute", 
  "snoozeBG": 122, 
  "recieved": true, 
  "predBGs": {
    "aCOB": [
      105, 
      115, 
      124, 
      133, 
      141, 
      150, 
      157, 
      165, 
      172, 
      180, 
      187, 
      194, 
      200, 
      206, 
      212, 
      217, 
      221, 
      225, 
      229, 
      232, 
      235, 
      237, 
      239, 
      241, 
      242, 
      244, 
      245, 
      246, 
      247, 
      248, 
      249, 
      250, 
      251, 
      252, 
      253, 
      254, 
      255, 
      255, 
      256, 
      257, 
      257, 
      258, 
      259, 
      259, 
      260, 
      260, 
      261, 
      262, 
      262, 
      262, 
      262, 
      263
    ], 
    "IOB": [
      105, 
      105, 
      105, 
      105, 
      106, 
      106, 
      107, 
      107, 
      108, 
      110, 
      111, 
      113, 
      114, 
      116, 
      118, 
      119, 
      121, 
      122, 
      123, 
      125, 
      127, 
      128, 
      130, 
      131, 
      133, 
      134, 
      135, 
      137, 
      138, 
      139, 
      140, 
      141, 
      142, 
      143, 
      143, 
      144, 
      145, 
      146, 
      147, 
      147, 
      148, 
      149, 
      149, 
      150, 
      150, 
      151, 
      151, 
      152, 
      152, 
      153
    ]
  }, 
  "rate": 0.575, 
  "reason": "COB: 11, Dev: -2, BGI: 0.42, ISF: 83, Target: 123; Eventual BG 122 < 123, 23m@-0.650 = -0.249 < req -0.024009603841536616-0.195", 
  "COB": 11, 
  "eventualBG": 122, 
  "timestamp": "2016-09-04T01:39:04.859170", 
  "duration": 30, 
  "tick": "+0", 
  "IOB": -0.237
}