{
  "bg": 96, 
  "temp": "absolute", 
  "snoozeBG": 119, 
  "recieved": true, 
  "predBGs": {
    "IOB": [
      96, 
      96, 
      97, 
      97, 
      98, 
      99, 
      100, 
      101, 
      102, 
      104, 
      106, 
      108, 
      110, 
      113, 
      115, 
      117, 
      119, 
      121, 
      123, 
      125, 
      127, 
      129, 
      131, 
      133, 
      135, 
      136, 
      138, 
      139, 
      141, 
      142, 
      143, 
      144, 
      146, 
      147, 
      148, 
      149, 
      150, 
      151, 
      151, 
      152, 
      153, 
      154, 
      154, 
      155, 
      156, 
      156, 
      157, 
      157, 
      158
    ]
  }, 
  "rate": 0.675, 
  "reason": "COB: 0, Dev: -15, BGI: 2.44, ISF: 80, Target: 120; Eventual BG 119 < 120, 21m@-0.750 = -0.263 < req -0.025-0.22499999999999998", 
  "COB": 0, 
  "eventualBG": 119, 
  "timestamp": "2016-09-03T10:37:06.259617", 
  "duration": 30, 
  "tick": "+3", 
  "IOB": -0.474
}