{
  "bg": 138, 
  "temp": "absolute", 
  "snoozeBG": 136, 
  "recieved": true, 
  "predBGs": {
    "IOB": [
      138, 
      137, 
      136, 
      135, 
      135, 
      135, 
      135, 
      135, 
      135, 
      136, 
      137, 
      139, 
      140, 
      142, 
      143, 
      145, 
      147, 
      149, 
      150, 
      152, 
      153, 
      155, 
      157, 
      159, 
      160, 
      162, 
      164, 
      165, 
      167, 
      168, 
      169, 
      170, 
      172, 
      173, 
      174, 
      175, 
      176, 
      177, 
      178, 
      179, 
      180, 
      181, 
      182, 
      183, 
      184, 
      185, 
      186, 
      187, 
      188, 
      188, 
      189
    ]
  }, 
  "rate": 0.65, 
  "reason": "COB: 0, Dev: -18, BGI: 1.67, ISF: 85, Target: 139; Eventual BG 136 < 139, 27m@-0.800 = -0.360 < req -0.0702576112412178-0.24", 
  "COB": 0, 
  "eventualBG": 136, 
  "timestamp": "2016-08-28T22:10:11.123274", 
  "duration": 30, 
  "tick": -1, 
  "IOB": -0.223
}