{
  "bg": 109, 
  "temp": "absolute", 
  "snoozeBG": 126, 
  "recieved": true, 
  "predBGs": {
    "IOB": [
      109, 
      109, 
      109, 
      110, 
      111, 
      112, 
      113, 
      114, 
      115, 
      117, 
      119, 
      121, 
      124, 
      126, 
      129, 
      131, 
      133, 
      135, 
      138, 
      140, 
      142, 
      144, 
      147, 
      149, 
      151, 
      154, 
      156, 
      157, 
      159, 
      161, 
      163, 
      164, 
      165, 
      167, 
      168, 
      169, 
      170, 
      171, 
      172, 
      173, 
      173, 
      174, 
      174, 
      175, 
      175, 
      175, 
      176, 
      177, 
      177, 
      177, 
      178
    ]
  }, 
  "rate": 0.55, 
  "reason": "COB: 0, Dev: -17, BGI: 2.68, ISF: 91, Target: 128; Eventual BG 126 < 128, 23m@-0.650 = -0.249 < req -0.044004400440044-0.195", 
  "COB": 0, 
  "eventualBG": 126, 
  "timestamp": "2016-09-06T08:18:41.012267", 
  "duration": 30, 
  "tick": "+0", 
  "IOB": -0.428
}