{
  "bg": 116, 
  "temp": "absolute", 
  "snoozeBG": 120, 
  "recieved": true, 
  "predBGs": {
    "IOB": [
      116, 
      116, 
      115, 
      115, 
      114, 
      114, 
      114, 
      114, 
      114, 
      114, 
      114, 
      115, 
      116, 
      117, 
      117, 
      118, 
      119, 
      120, 
      121, 
      122, 
      123, 
      124, 
      125, 
      126, 
      128, 
      129, 
      130, 
      131, 
      132, 
      134, 
      135, 
      136, 
      137, 
      138, 
      139, 
      140, 
      140, 
      141, 
      142, 
      142, 
      143, 
      144, 
      144, 
      145, 
      145, 
      146, 
      147, 
      147, 
      148, 
      148, 
      148, 
      148, 
      149
    ]
  }, 
  "rate": 0.65, 
  "reason": "COB: 0, Dev: -7, BGI: 0.61, ISF: 81, Target: 121; Eventual BG 120 < 121, 25m@-0.700 = -0.292 < req -0.024752475247524754-0.21", 
  "COB": 0, 
  "eventualBG": 120, 
  "timestamp": "2016-09-01T04:05:55.770698", 
  "duration": 30, 
  "tick": "+0", 
  "IOB": -0.134
}